City_ID,City,Country,Date,Lat,Lng,Max Temp,Humidity,Cloudiness,Wind Speed
0,Hamilton,US,2021-03-03 22:42:07,39.1834,-84.5333,62.6,29,1,11.5
1,Yellowknife,CA,2021-03-03 22:37:29,62.456,-114.3525,0.0,65,75,11.5
2,Thompson,CA,2021-03-03 22:41:35,55.7435,-97.8558,19.4,73,75,3.44
3,Madang,PG,2021-03-03 22:42:08,-5.2246,145.7966,76.66,88,100,8.41
4,Hobart,AU,2021-03-03 22:42:08,-42.8794,147.3294,69.8,46,75,17.27
5,Castro,BR,2021-03-03 22:42:09,-24.7911,-50.0119,64.36,97,100,5.5
6,Rikitea,PF,2021-03-03 22:42:09,-23.1203,-134.9692,79.57,79,23,8.05
7,Hermanus,ZA,2021-03-03 22:42:09,-34.4187,19.2345,66.99,92,94,7.83
8,Puerto Ayora,EC,2021-03-03 22:42:10,-0.7393,-90.3518,82.4,78,75,8.05
9,Mataura,NZ,2021-03-03 22:42:10,-46.1927,168.8643,57.99,65,42,5.01
10,Coquimbo,CL,2021-03-03 22:42:10,-29.9533,-71.3436,66.2,77,40,10.36
11,Albany,US,2021-03-03 22:38:09,42.6001,-73.9662,39.2,56,90,8.05
12,Qaqortoq,GL,2021-03-03 22:42:11,60.7167,-46.0333,44.6,36,75,40.29
13,Punta Arenas,CL,2021-03-03 22:42:11,-53.15,-70.9167,62.6,36,20,16.11
14,Svetlyy,RU,2021-03-03 22:42:11,54.675,20.1347,35.01,93,0,11.18
15,Necochea,AR,2021-03-03 22:42:12,-38.5473,-58.7368,78.01,75,98,3.0
16,Asau,RO,2021-03-03 22:42:12,46.4333,26.4,36.0,87,0,1.14
17,Kodiak,US,2021-03-03 22:39:12,57.79,-152.4072,37.4,52,1,13.8
18,Port Alfred,ZA,2021-03-03 22:42:12,-33.5906,26.891,70.0,93,68,3.0
19,Bhainsa,IN,2021-03-03 22:42:12,26.9548,76.9012,65.97,17,0,2.48
20,Ribeira Grande,PT,2021-03-03 22:42:12,38.5167,-28.7,61.79,91,100,17.02
21,Ponta Do Sol,PT,2021-03-03 22:42:13,32.6667,-17.1,57.0,68,88,1.99
22,Kavaratti,IN,2021-03-03 22:42:13,10.5669,72.642,81.1,71,0,2.75
23,Ulaangom,MN,2021-03-03 22:42:14,49.9811,92.0667,6.08,93,100,0.83
24,Hithadhoo,MV,2021-03-03 22:42:14,-0.6,73.0833,82.89,63,75,9.33
25,Wagga Wagga,AU,2021-03-03 22:41:23,-35.1167,147.3667,66.0,55,0,4.61
26,Busselton,AU,2021-03-03 22:42:15,-33.65,115.3333,69.01,94,95,1.01
27,Ranong,TH,2021-03-03 22:40:11,9.9658,98.6348,75.85,91,20,4.36
28,Ankang,CN,2021-03-03 22:42:16,32.68,109.0172,47.53,69,0,0.87
29,Bom Jesus Da Lapa,BR,2021-03-03 22:42:16,-13.255,-43.4181,75.54,62,8,7.34
30,Atuona,PF,2021-03-03 22:42:16,-9.8,-139.0333,79.72,69,1,9.19
31,Ajdabiya,LY,2021-03-03 22:39:09,30.7554,20.2263,54.12,52,0,11.65
32,Fortuna,US,2021-03-03 22:42:17,40.5982,-124.1573,55.0,70,23,5.99
33,Georgetown,MY,2021-03-03 22:42:17,5.4112,100.3354,78.8,94,20,5.06
34,Hilo,US,2021-03-03 22:42:17,19.7297,-155.09,78.8,41,1,10.36
35,Ushuaia,AR,2021-03-03 22:42:17,-54.8,-68.3,55.4,47,20,9.22
36,Lubumbashi,CD,2021-03-03 22:42:17,-11.6609,27.4794,62.02,97,100,5.86
37,Esperance,AU,2021-03-03 22:42:18,-33.8667,121.9,64.4,82,75,11.5
38,Lima,PE,2021-03-03 22:40:00,-12.0432,-77.0282,78.8,69,0,5.75
39,Bambous Virieux,MU,2021-03-03 22:42:18,-20.3428,57.7575,77.0,83,40,3.44
40,Kiama,AU,2021-03-03 22:42:19,-34.6833,150.8667,71.01,69,37,1.01
41,Kushiro,JP,2021-03-03 22:38:25,42.975,144.3747,12.2,85,20,4.61
42,Buraydah,SA,2021-03-03 22:42:19,26.326,43.975,66.2,45,0,11.5
43,Severo-Kurilsk,RU,2021-03-03 22:42:19,50.6789,156.125,19.04,90,98,36.35
44,San Cristobal,VE,2021-03-03 22:42:20,7.7669,-72.225,82.4,57,40,9.22
45,Dunedin,NZ,2021-03-03 22:38:10,-45.8742,170.5036,59.0,63,63,7.0
46,Quatre Cocos,MU,2021-03-03 22:42:20,-20.2078,57.7625,77.0,83,40,3.44
47,Cidreira,BR,2021-03-03 22:42:20,-30.1811,-50.2056,76.21,88,100,5.59
48,Storforshei,NO,2021-03-03 22:42:20,66.4043,14.5233,30.0,93,90,2.3
49,Tasiilaq,GL,2021-03-03 22:42:21,65.6145,-37.6368,30.2,34,90,18.41
50,Provideniya,RU,2021-03-03 22:42:21,64.3833,-173.3,-5.8,77,90,6.71
51,Belyy Yar,RU,2021-03-03 22:42:21,53.6039,91.3903,8.6,85,87,2.24
52,Kulaman,PH,2021-03-03 22:42:22,6.4594,124.0892,77.99,71,34,4.18
53,Port Elizabeth,ZA,2021-03-03 22:39:03,-33.918,25.5701,68.0,88,90,12.66
54,Vila Franca Do Campo,PT,2021-03-03 22:42:23,37.7167,-25.4333,59.0,94,75,10.36
55,Mouila,GA,2021-03-03 22:42:23,-1.8685,11.0559,75.97,93,87,2.64
56,Hualmay,PE,2021-03-03 22:42:24,-11.0964,-77.6139,75.94,67,21,8.14
57,East London,ZA,2021-03-03 22:38:12,-33.0153,27.9116,73.38,81,83,11.52
58,Lavrentiya,RU,2021-03-03 22:42:24,65.5833,-171.0,-12.26,84,5,3.22
59,Saint-Philippe,RE,2021-03-03 22:42:25,-21.3585,55.7679,77.0,78,20,1.14
60,Adrar,MR,2021-03-03 22:42:25,20.5022,-10.0711,70.99,20,100,11.25
61,Qeshm,IR,2021-03-03 22:42:26,26.9581,56.2719,69.8,77,24,2.3
62,Lompoc,US,2021-03-03 22:42:26,34.6391,-120.4579,59.0,51,90,8.05
63,Antofagasta,CL,2021-03-03 22:39:43,-23.65,-70.4,69.8,78,40,12.66
64,Nagutskoye,RU,2021-03-03 22:42:27,44.4415,42.8762,33.8,80,75,11.18
65,Beringovskiy,RU,2021-03-03 22:42:27,63.05,179.3167,6.28,94,100,32.19
66,Cabedelo,BR,2021-03-03 22:42:27,-6.9811,-34.8339,78.8,89,20,8.05
67,Puro,PH,2021-03-03 22:42:27,12.4841,123.3827,78.85,80,14,11.52
68,Marang,MY,2021-03-03 22:42:28,5.2056,103.2059,80.6,83,40,5.75
69,Saint George,US,2021-03-03 22:38:46,37.1041,-113.5841,73.4,7,1,14.97
70,Bintulu,MY,2021-03-03 22:42:28,3.1667,113.0333,73.4,94,40,1.14
71,Iqaluit,CA,2021-03-03 22:42:29,63.7506,-68.5145,-5.8,77,90,26.46
72,Karangampel,ID,2021-03-03 22:42:29,-6.4622,108.4519,76.17,88,100,8.39
73,San Rafael,AR,2021-03-03 22:40:35,-34.6177,-68.3301,84.85,30,4,11.9
74,Marzuq,YE,2021-03-03 22:42:30,14.4,46.4667,59.63,44,0,4.52
75,Barrow,US,2021-03-03 22:40:02,71.2906,-156.7887,-14.8,76,1,9.22
76,Neuquen,AR,2021-03-03 22:39:19,-38.9516,-68.0591,77.0,69,40,3.44
77,Jamestown,US,2021-03-03 22:37:39,42.097,-79.2353,37.0,87,90,8.84
78,Gat,IL,2021-03-03 22:40:01,31.61,34.7642,52.0,100,61,2.04
79,Chuy,UY,2021-03-03 22:42:31,-33.6971,-53.4616,72.72,86,99,11.72
80,Pangnirtung,CA,2021-03-03 22:42:31,66.1451,-65.7125,-5.8,84,90,2.3
81,Mahebourg,MU,2021-03-03 22:42:31,-20.4081,57.7,77.0,83,40,3.44
82,Whitehorse,CA,2021-03-03 22:39:52,60.7161,-135.0538,25.0,63,75,4.61
83,Ha Giang,VN,2021-03-03 22:42:32,22.8333,104.9833,61.99,76,77,0.98
84,Dikson,RU,2021-03-03 22:42:33,73.5069,80.5464,-25.01,79,79,12.21
85,Itarema,BR,2021-03-03 22:42:33,-2.9248,-39.9167,79.7,79,73,11.86
86,Chokurdakh,RU,2021-03-03 22:42:33,70.6333,147.9167,-24.11,87,100,8.25
87,Sao Jose Da Coroa Grande,BR,2021-03-03 22:42:34,-8.8978,-35.1478,78.66,84,12,10.11
88,Victoria,HK,2021-03-03 22:41:03,22.2855,114.1577,66.0,84,84,1.99
89,Bilma,NE,2021-03-03 22:42:34,18.6853,12.9164,68.67,19,0,9.55
90,Tuktoyaktuk,CA,2021-03-03 22:42:34,69.4541,-133.0374,-23.8,76,75,4.61
91,Dicabisagan,PH,2021-03-03 22:42:35,17.0818,122.4157,75.79,82,66,3.2
92,Mazamari,PE,2021-03-03 22:42:35,-11.3258,-74.5308,79.93,59,62,1.83
93,Grindavik,IS,2021-03-03 22:42:35,63.8424,-22.4338,39.2,93,90,20.71
94,Auki,SB,2021-03-03 22:42:35,-8.7676,160.7034,78.49,86,100,6.02
95,Primero De Enero,CU,2021-03-03 22:42:36,21.9469,-78.4283,84.2,48,20,11.5
96,Vaini,TO,2021-03-03 22:42:36,-21.2,-175.2,77.0,94,75,11.5
97,Yulara,AU,2021-03-03 22:42:36,-25.2406,130.9889,86.0,21,75,13.8
98,Outjo,NA,2021-03-03 22:42:36,-20.1167,16.15,66.2,47,0,5.77
99,San Patricio,US,2021-03-03 22:42:37,28.017,-97.5169,64.4,59,75,12.66
100,Mackenzie,CA,2021-03-03 22:42:37,55.2999,-123.1698,37.4,65,90,14.97
101,Carlsbad,US,2021-03-03 22:42:37,33.1581,-117.3506,51.8,93,90,9.22
102,New Norfolk,AU,2021-03-03 22:42:38,-42.7826,147.0587,66.0,61,98,5.01
103,Northam,GB,2021-03-03 22:42:38,51.0333,-4.2167,48.0,95,49,1.99
104,Baherden,TM,2021-03-03 22:42:38,38.4362,57.4316,50.94,52,0,4.81
105,Korla,CN,2021-03-03 22:42:39,41.7597,86.1469,37.11,74,99,4.21
106,Marystown,CA,2021-03-03 22:42:39,47.1666,-55.1483,23.25,95,100,21.74
107,Srednekolymsk,RU,2021-03-03 22:42:40,67.45,153.6833,-27.76,84,100,13.44
108,Urengoy,RU,2021-03-03 22:42:40,65.9667,78.3667,4.89,93,100,17.92
109,Mayumba,GA,2021-03-03 22:42:40,-3.432,10.6554,80.47,88,85,4.56
110,Kuminskiy,RU,2021-03-03 22:42:40,58.6667,66.5667,18.36,95,98,7.11
111,Bengkulu,ID,2021-03-03 22:42:41,-3.8004,102.2655,76.15,81,90,4.25
112,Cururupu,BR,2021-03-03 22:39:58,-1.8283,-44.8683,74.41,94,88,2.62
113,Carnarvon,AU,2021-03-03 22:42:41,-24.8667,113.6333,68.0,100,11,6.91
114,Karratha,AU,2021-03-03 22:42:41,-20.7377,116.8463,79.0,69,17,6.6
115,Batticaloa,LK,2021-03-03 22:42:42,7.7102,81.6924,76.44,70,44,2.82
116,Torbay,CA,2021-03-03 22:42:42,47.6666,-52.7314,25.0,80,75,17.27
117,Sao Filipe,CV,2021-03-03 22:42:42,14.8961,-24.4956,72.21,72,94,9.06
118,Puerto Madryn,AR,2021-03-03 22:40:38,-42.7692,-65.0385,66.58,88,100,8.28
119,Blackwater,AU,2021-03-03 22:42:43,-23.5833,148.8833,79.81,64,1,17.56
120,Kautokeino,NO,2021-03-03 22:42:43,69.0125,23.0412,9.27,91,41,7.7
121,Saskylakh,RU,2021-03-03 22:42:43,71.9167,114.0833,-41.69,80,85,1.7
122,Santa Quiteria,BR,2021-03-03 22:38:36,-4.3319,-40.1567,74.88,81,64,1.43
123,Myitkyina,MM,2021-03-03 22:42:44,25.3833,97.4,65.32,45,64,4.09
124,Ostrovnoy,RU,2021-03-03 22:42:44,68.0531,39.5131,16.21,95,100,9.08
125,Hovd,MN,2021-03-03 22:38:02,48.0056,91.6419,15.31,67,0,5.68
126,Kruisfontein,ZA,2021-03-03 22:42:45,-34.0033,24.7314,66.99,87,3,3.09
127,Poum,NC,2021-03-03 22:42:45,-20.2333,164.0167,78.46,82,100,9.06
128,Gao,ML,2021-03-03 22:42:45,16.6362,1.637,80.76,16,36,7.0
129,Port Lincoln,AU,2021-03-03 22:42:46,-34.7333,135.8667,62.33,74,16,13.18
130,Westport,US,2021-03-03 22:42:46,41.1415,-73.3579,50.0,37,1,8.05
131,Avarua,CK,2021-03-03 22:42:47,-21.2078,-159.775,84.2,74,40,8.05
132,Airai,TL,2021-03-03 22:42:47,-8.9266,125.4092,64.08,97,94,0.94
133,Clyde River,CA,2021-03-03 22:42:48,70.4692,-68.5914,-14.8,58,20,4.61
134,Sao Joao Da Barra,BR,2021-03-03 22:42:48,-21.6403,-41.0511,76.68,87,55,15.19
135,Husavik,IS,2021-03-03 22:42:49,66.0449,-17.3389,30.2,93,20,12.33
136,Mago,RU,2021-03-03 22:42:49,53.2514,140.1822,-0.69,90,90,0.74
137,Bud,US,2021-03-03 22:42:49,39.447,-86.1758,60.8,41,1,8.05
138,Cape Town,ZA,2021-03-03 22:39:43,-33.9258,18.4232,69.01,88,75,12.66
139,Tomatlan,MX,2021-03-03 22:42:50,19.9333,-105.25,83.17,48,0,6.64
140,Aykhal,RU,2021-03-03 22:42:50,66.0,111.5,-34.33,78,0,3.36
141,Vryburg,ZA,2021-03-03 22:42:50,-26.9566,24.7284,66.27,50,0,4.92
142,Cabo San Lucas,MX,2021-03-03 22:42:51,22.8909,-109.9124,82.0,34,75,6.91
143,Ahipara,NZ,2021-03-03 22:42:51,-35.1667,173.1667,68.94,87,100,6.76
144,Natal,BR,2021-03-03 22:39:30,-5.795,-35.2094,82.4,74,20,13.8
145,Puerto Escondido,MX,2021-03-03 22:42:52,15.85,-97.0667,86.0,66,75,6.91
146,Tura,IN,2021-03-03 22:42:52,25.5198,90.2201,62.89,27,0,2.8
147,Anloga,GH,2021-03-03 22:42:52,5.7947,0.8973,84.2,84,40,11.5
148,Laguna,US,2021-03-03 22:42:53,38.421,-121.4238,66.99,34,1,5.75
149,Nioro,GM,2021-03-03 22:42:53,13.35,-15.75,77.7,22,37,2.73
150,Huangnihe,CN,2021-03-03 22:42:53,43.5583,128.0239,25.5,76,2,4.05
151,Lawton,US,2021-03-03 22:37:58,34.6087,-98.3903,71.6,21,1,13.8
152,Kulhudhuffushi,MV,2021-03-03 22:42:54,6.6221,73.07,82.27,67,17,8.66
153,Puerto Colombia,CO,2021-03-03 22:42:54,10.9878,-74.9547,80.6,74,0,14.97
154,Valle De Allende,MX,2021-03-03 22:42:54,26.9333,-105.4,78.96,15,61,1.81
155,Kasongo-Lunda,CD,2021-03-03 22:42:55,-6.4667,16.8167,71.42,92,100,0.58
156,Butaritari,KI,2021-03-03 22:42:55,3.0707,172.7902,81.09,82,41,14.54
157,Areal,BR,2021-03-03 22:42:55,-22.2306,-43.1056,84.99,58,0,8.05
158,Chiredzi,ZW,2021-03-03 22:42:56,-21.05,31.6667,67.3,93,3,2.89
159,Hay River,CA,2021-03-03 22:42:56,60.8156,-115.7999,-2.2,65,81,4.61
160,Sawtell,AU,2021-03-03 22:42:57,-30.3833,153.1,66.2,94,75,5.75
161,Matara,LK,2021-03-03 22:42:57,5.9485,80.5353,73.58,79,53,9.69
162,Tocopilla,CL,2021-03-03 22:42:57,-22.092,-70.1979,70.57,72,32,4.0
163,Talnakh,RU,2021-03-03 22:42:58,69.4865,88.3972,-23.94,69,17,10.02
164,Abnub,EG,2021-03-03 22:42:58,27.2696,31.1511,49.69,55,0,10.54
165,San Quintin,MX,2021-03-03 22:42:58,30.4833,-115.95,61.41,67,77,14.81
166,Bluff,NZ,2021-03-03 22:42:59,-46.6,168.3333,57.99,65,36,5.01
167,Kapaa,US,2021-03-03 22:42:59,22.0752,-159.319,73.4,68,75,20.71
168,Evensk,RU,2021-03-03 22:43:00,61.95,159.2333,3.42,92,100,4.79
169,Lebu,CL,2021-03-03 22:40:17,-37.6167,-73.65,61.72,81,32,16.93
170,Meulaboh,ID,2021-03-03 22:43:00,4.1363,96.1285,75.13,85,72,3.31
171,Hot Springs,US,2021-03-03 22:43:00,34.5037,-93.0552,66.2,30,1,3.44
172,Saryagash,KZ,2021-03-03 22:43:01,41.4511,69.1701,46.4,81,40,6.91
173,Tacuarembo,UY,2021-03-03 22:39:27,-31.7333,-55.9833,76.15,76,77,5.93
174,Los Llanos De Aridane,ES,2021-03-03 22:43:01,28.6585,-17.9182,66.2,63,90,8.05
175,Saldanha,ZA,2021-03-03 22:43:02,-33.0117,17.9442,64.4,88,14,5.75
176,Kaitangata,NZ,2021-03-03 22:43:02,-46.2817,169.8464,60.01,55,12,3.0
177,Victor Harbor,AU,2021-03-03 22:43:03,-35.5667,138.6167,64.0,66,24,7.76
178,Tautira,PF,2021-03-03 22:43:03,-17.7333,-149.15,86.0,70,20,11.5
179,Xiaoweizhai,CN,2021-03-03 22:43:04,26.1903,107.5125,46.33,94,89,1.16
180,Madingou,CG,2021-03-03 22:43:04,-4.1536,13.55,75.29,91,96,1.43
181,Biak,ID,2021-03-03 22:43:04,-0.9131,122.8766,76.68,79,100,4.59
182,Mar Del Plata,AR,2021-03-03 22:43:05,-38.0023,-57.5575,72.0,94,20,12.66
183,Acaponeta,MX,2021-03-03 22:43:05,22.4964,-105.3594,86.97,32,15,6.96
184,Seljord,NO,2021-03-03 22:43:06,59.4894,8.634,30.99,87,34,4.0
185,Nanao,JP,2021-03-03 22:43:06,37.05,136.9667,30.2,93,75,2.3
186,Narsaq,GL,2021-03-03 22:43:06,60.9167,-46.05,44.6,36,75,40.29
187,Trapani,IT,2021-03-03 22:43:07,37.8333,12.6667,57.99,100,0,5.75
188,Souillac,MU,2021-03-03 22:43:07,-20.5167,57.5167,77.0,83,40,3.44
189,Tinsukia,IN,2021-03-03 22:43:08,27.5,95.3667,66.31,41,78,2.06
190,Santa Cruz,BO,2021-03-03 22:42:04,-17.8,-63.1667,80.6,74,75,6.91
191,Fairbanks,US,2021-03-03 22:41:45,64.8378,-147.7164,3.0,78,90,3.02
192,Nikolskoye,RU,2021-03-03 22:43:08,59.7035,30.7861,33.8,80,75,15.66
193,Macusani,PE,2021-03-03 22:43:09,-14.0833,-70.4333,40.73,76,84,5.48
194,Farah,AF,2021-03-03 22:43:09,32.5,62.5,52.48,44,0,1.34
195,Bone,DE,2021-03-03 22:43:09,51.9669,12.1396,44.01,76,30,7.56
196,Lakes Entrance,AU,2021-03-03 22:43:10,-37.8811,147.981,64.0,62,1,1.99
197,Cuencame,MX,2021-03-03 22:43:10,24.8711,-103.6964,82.13,15,52,11.7
198,Pingxiang,CN,2021-03-03 22:43:11,27.6167,113.85,46.74,90,69,0.83
199,Cayenne,GF,2021-03-03 22:39:52,4.9333,-52.3333,79.0,89,40,4.61
200,Yertsevo,RU,2021-03-03 22:43:11,60.7966,40.086,28.08,98,100,9.08
201,Yeppoon,AU,2021-03-03 22:43:12,-23.1333,150.7333,75.2,83,90,9.22
202,Muravlenko,RU,2021-03-03 22:43:12,63.7898,74.523,8.15,95,98,13.71
203,Penicuik,GB,2021-03-03 22:43:12,55.8317,-3.2242,37.99,87,90,8.05
204,Haines Junction,CA,2021-03-03 22:43:13,60.7522,-137.5108,23.0,46,97,4.61
205,Lasa,IT,2021-03-03 22:43:13,46.6166,10.7002,43.0,75,0,3.44
206,Ukiah,US,2021-03-03 22:43:13,39.1502,-123.2078,69.8,21,1,10.36
207,Nago,JP,2021-03-03 22:43:14,26.5881,127.9761,66.2,72,1,10.36
208,Sitka,US,2021-03-03 22:43:14,57.0531,-135.33,37.4,87,90,14.97
209,Newry,GB,2021-03-03 22:42:10,54.1784,-6.3374,41.0,80,96,1.99
210,Geraldton,AU,2021-03-03 22:43:15,-28.7667,114.6,68.0,88,6,9.22
211,Angoche,MZ,2021-03-03 22:43:15,-16.2325,39.9086,75.69,95,100,10.31
212,Ulladulla,AU,2021-03-03 22:43:17,-35.35,150.4667,66.0,68,20,5.75
213,Moranbah,AU,2021-03-03 22:43:18,-22.0016,148.0466,80.11,64,73,19.28
214,Tuatapere,NZ,2021-03-03 22:43:19,-46.1333,167.6833,57.99,65,34,5.01
215,Bandarbeyla,SO,2021-03-03 22:43:19,9.4942,50.8122,76.28,79,68,13.67
216,Asha,RU,2021-03-03 22:43:19,54.9973,57.2722,23.0,97,100,8.14
217,Okhotsk,RU,2021-03-03 22:43:22,59.3833,143.3,-17.86,80,1,13.51
218,Mitsamiouli,KM,2021-03-03 22:43:22,-11.3847,43.2844,81.86,79,92,12.41
219,Bathsheba,BB,2021-03-03 22:43:22,13.2167,-59.5167,78.8,65,40,17.27
220,Maragogi,BR,2021-03-03 22:43:23,-9.0122,-35.2225,78.4,82,3,9.42
221,Port Keats,AU,2021-03-03 22:43:23,-14.25,129.55,84.49,81,93,7.85
222,Hauterive,FR,2021-03-03 22:43:25,46.0901,3.4459,41.0,65,0,2.91
223,Linqu,CN,2021-03-03 22:43:25,36.5156,118.5397,46.0,61,0,1.99
224,Talara,PE,2021-03-03 22:43:26,-4.5772,-81.2719,82.4,74,20,10.36
225,Faya,SA,2021-03-03 22:43:26,18.3851,42.4509,59.0,63,0,5.75
226,Half Moon Bay,US,2021-03-03 22:41:43,37.4636,-122.4286,64.0,82,90,10.36
227,Aripuana,BR,2021-03-03 22:43:27,-9.1667,-60.6333,72.77,99,95,2.66
228,Lukaya,UG,2021-03-03 22:43:27,-0.1489,31.8748,77.0,69,20,17.27
229,Batagay-Alyta,RU,2021-03-03 22:43:27,67.8006,130.4114,-24.16,84,100,3.15
230,Pasighat,IN,2021-03-03 22:43:29,28.0667,95.3333,64.71,44,72,3.69
231,Urambo,TZ,2021-03-03 22:43:30,-5.0667,32.05,65.17,97,100,3.8
232,Teya,RU,2021-03-03 22:43:31,60.3778,92.6267,-12.24,83,96,3.83
233,Gornja Radgona,SI,2021-03-03 22:43:31,46.6733,15.9922,44.01,81,26,2.3
234,Pitimbu,BR,2021-03-03 22:43:31,-7.4706,-34.8086,78.8,89,20,8.05
235,Bredasdorp,ZA,2021-03-03 22:43:31,-34.5322,20.0403,68.0,94,75,3.44
236,Arraial Do Cabo,BR,2021-03-03 22:39:37,-22.9661,-42.0278,78.8,78,0,14.97
237,Nuuk,GL,2021-03-03 22:41:06,64.1835,-51.7216,44.6,42,15,8.05
238,Oktyabrskiy,RU,2021-03-03 22:43:32,54.4815,53.471,12.6,93,98,7.4
239,Viedma,AR,2021-03-03 22:40:25,-40.8135,-62.9967,75.6,68,83,7.52
240,Nanortalik,GL,2021-03-03 22:43:32,60.1432,-45.2371,36.79,78,100,24.81
241,Buin,CL,2021-03-03 22:43:33,-33.7333,-70.75,86.0,37,20,6.91
242,Pevek,RU,2021-03-03 22:43:33,69.7008,170.3133,0.9,83,100,1.86
243,Agropoli,IT,2021-03-03 22:43:33,40.3469,14.9966,45.0,75,0,3.2
244,Nesna,NO,2021-03-03 22:43:34,66.1967,13.0213,33.8,80,75,8.05
245,Klaksvik,FO,2021-03-03 22:43:34,62.2266,-6.589,30.2,80,46,11.5
246,Bokoro,TD,2021-03-03 22:43:34,12.3807,17.0568,78.87,15,58,14.92
247,Scarborough,GB,2021-03-03 22:43:34,54.2797,-0.4044,39.0,88,100,3.0
248,Fare,PF,2021-03-03 22:43:35,-16.7,-151.0167,81.95,75,100,7.74
249,Sioux Lookout,CA,2021-03-03 22:41:34,50.1001,-91.917,24.8,50,20,2.3
250,Carutapera,BR,2021-03-03 22:43:35,-1.195,-46.02,75.92,93,96,6.17
251,Isangel,VU,2021-03-03 22:43:36,-19.55,169.2667,80.02,86,100,19.66
252,Sigli,ID,2021-03-03 22:43:36,5.3848,95.9609,77.92,78,43,4.79
253,Sherbakul,RU,2021-03-03 22:43:36,54.6316,72.3963,23.0,86,40,15.66
254,Bombay,IN,2021-03-03 22:41:20,19.0144,72.8479,80.6,41,0,4.61
255,Kahului,US,2021-03-03 22:41:31,20.8947,-156.47,78.8,53,20,14.97
256,Strezhevoy,RU,2021-03-03 22:43:37,60.7333,77.5889,14.0,79,90,11.18
257,Palaiokomi,GR,2021-03-03 22:43:37,40.8667,23.9,48.99,83,0,1.01
258,Mwanza,TZ,2021-03-03 22:43:38,-2.5167,32.9,70.97,75,69,5.12
259,Chara,RU,2021-03-03 22:43:38,56.9064,118.2631,-22.32,75,100,3.89
260,Port Blair,IN,2021-03-03 22:43:38,11.6667,92.75,77.0,78,20,2.3
261,Marsh Harbour,BS,2021-03-03 22:43:38,26.5412,-77.0636,76.62,78,1,17.47
262,Ozinki,RU,2021-03-03 22:43:39,51.1786,49.6769,12.31,92,35,10.38
263,Zhanakorgan,KZ,2021-03-03 22:43:39,43.9098,67.2495,34.14,48,1,5.35
264,Campo Formoso,BR,2021-03-03 22:41:13,-10.5075,-40.3214,73.27,72,78,8.59
265,Alexandria,EG,2021-03-03 22:43:40,31.2156,29.9553,56.25,67,0,15.26
266,Salalah,OM,2021-03-03 22:43:40,17.0151,54.0924,73.4,78,0,4.61
267,Qaanaaq,GL,2021-03-03 22:43:41,77.484,-69.3632,-20.0,90,56,5.86
268,Kousseri,CM,2021-03-03 22:43:41,12.0769,15.0306,82.4,10,13,12.66
269,Simbahan,PH,2021-03-03 22:43:41,6.3032,120.5836,81.73,79,0,16.33
270,Le Moule,GP,2021-03-03 22:43:42,16.3332,-61.3473,77.0,73,20,5.75
271,College,US,2021-03-03 22:43:42,64.8569,-147.8028,3.0,71,90,3.44
272,Balaka,MW,2021-03-03 22:43:42,-14.9793,34.9558,67.71,95,98,5.55
273,Kirakira,SB,2021-03-03 22:43:44,-10.4544,161.9205,79.75,85,100,14.07
274,Humboldt,US,2021-03-03 22:43:44,40.6665,-123.9178,55.0,70,1,3.0
275,Tiruchchendur,IN,2021-03-03 22:43:44,8.4833,78.1167,77.25,72,16,10.8
276,Kirkland Lake,CA,2021-03-03 22:43:44,48.1446,-80.0377,19.4,86,100,7.0
277,Zabid,YE,2021-03-03 22:43:45,14.1951,43.3152,77.79,70,0,5.79
278,Graham,US,2021-03-03 22:43:45,47.0529,-122.2943,57.99,44,1,4.61
279,Nizwa,OM,2021-03-03 22:43:45,22.9333,57.5333,68.0,39,0,2.3
280,Bismarck,US,2021-03-03 22:41:01,46.8083,-100.7837,60.8,29,1,4.61
281,Tiksi,RU,2021-03-03 22:43:46,71.6872,128.8694,-14.31,100,100,9.91
282,Leningradskiy,RU,2021-03-03 22:43:46,69.3833,178.4167,-15.97,85,86,16.15
283,Novoagansk,RU,2021-03-03 22:43:46,61.9449,76.6625,9.01,95,100,11.48
284,Cherskiy,RU,2021-03-03 22:43:47,68.75,161.3,-12.37,87,100,9.69
285,Ciudad Del Maiz,MX,2021-03-03 22:43:47,22.4,-99.6,75.99,31,4,17.0
286,Morehead,US,2021-03-03 22:43:47,37.2711,-87.1764,62.6,19,1,5.75
287,Alice Springs,AU,2021-03-03 22:43:48,-23.7,133.8833,87.01,24,59,11.5
288,Jishu,CN,2021-03-03 22:43:49,44.3167,126.8,30.58,93,89,14.34
289,Zhigansk,RU,2021-03-03 22:43:49,66.7697,123.3711,-35.79,95,100,10.25
290,Henties Bay,NA,2021-03-03 22:43:49,-22.116,14.2845,69.66,73,0,4.07
291,Bethel,US,2021-03-03 22:42:22,41.3712,-73.414,50.0,37,1,8.05
292,Baoqing,CN,2021-03-03 22:43:52,46.3317,132.2111,28.44,95,97,9.69
293,Longyearbyen,SJ,2021-03-03 22:39:20,78.2186,15.6401,6.8,66,0,11.5
294,Vardo,NO,2021-03-03 22:43:52,70.3705,31.1107,24.8,86,40,25.32
295,Oyama,JP,2021-03-03 22:43:52,36.3,139.8,43.0,74,75,4.61
296,Najran,SA,2021-03-03 22:43:53,17.4924,44.1277,66.2,27,0,2.3
297,Bracknell,GB,2021-03-03 22:43:53,51.4136,-0.7505,46.0,100,75,4.61
298,Tual,ID,2021-03-03 22:43:53,-5.6667,132.75,83.16,73,100,15.28
299,Verkhnyaya Inta,RU,2021-03-03 22:43:54,65.9811,60.3094,13.75,97,100,4.59
300,Upernavik,GL,2021-03-03 22:43:54,72.7868,-56.1549,3.87,94,100,12.95
301,Aklavik,CA,2021-03-03 22:43:55,68.2191,-135.0107,-16.6,63,98,3.44
302,Faanui,PF,2021-03-03 22:43:55,-16.4833,-151.75,83.44,67,100,4.03
303,Marsa Matruh,EG,2021-03-03 22:43:55,31.3525,27.2453,55.8,68,49,16.37
304,Dourbali,TD,2021-03-03 22:43:56,11.8091,15.8632,80.78,15,36,16.22
305,Chengde,CN,2021-03-03 22:40:44,40.9725,117.9361,33.78,96,69,1.12
306,Shimanovsk,RU,2021-03-03 22:42:25,52.0,127.7,-5.85,90,99,6.6
307,Phulabani,IN,2021-03-03 22:43:57,20.4667,84.2333,63.79,27,0,2.84
308,Puerto El Triunfo,SV,2021-03-03 22:43:58,13.2833,-88.55,96.8,34,0,5.75
309,Benjamin Aceval,PY,2021-03-03 22:43:58,-24.9667,-57.5667,78.8,83,90,9.22
310,Namibe,AO,2021-03-03 22:43:58,-15.1961,12.1522,74.7,80,31,6.46
311,Baiyin,CN,2021-03-03 22:39:09,36.5583,104.2081,28.4,31,0,6.71
312,Boyuibe,BO,2021-03-03 22:43:59,-20.4167,-63.2833,84.2,58,20,2.51
313,Kyra,RU,2021-03-03 22:43:59,49.5776,111.9753,8.37,87,100,8.37
314,Dingle,PH,2021-03-03 22:44:00,10.9995,122.6711,76.08,89,65,7.18
315,Broome,US,2021-03-03 22:44:00,42.2506,-75.833,39.2,56,75,9.22
316,Rawson,AR,2021-03-03 22:44:00,-43.3002,-65.1023,62.64,90,100,9.66
317,Thiruvananthapuram,IN,2021-03-03 22:44:01,8.4833,76.9167,77.0,83,20,2.3
318,Lichinga,MZ,2021-03-03 22:44:03,-13.3128,35.2406,68.0,83,75,2.37
319,Aksu,CN,2021-03-03 22:44:03,41.1231,80.2644,36.05,78,94,2.28
320,Paidha,UG,2021-03-03 22:44:04,2.4167,30.9855,73.69,40,93,3.69
321,Rundu,NA,2021-03-03 22:44:04,-17.9333,19.7667,64.54,85,21,4.5
322,Caravelas,BR,2021-03-03 22:44:04,-17.7125,-39.2481,76.17,83,19,5.41
323,Crotone,IT,2021-03-03 22:44:05,39.0851,17.1178,45.0,66,0,3.6
324,Mitzic,GA,2021-03-03 22:44:05,0.7821,11.549,70.39,94,50,4.05
325,Domoni,KM,2021-03-03 22:44:05,-12.2569,44.5319,80.33,79,73,11.18
326,Porto Belo,BR,2021-03-03 22:44:05,-27.1578,-48.5531,79.0,83,75,3.44
327,Norman Wells,CA,2021-03-03 22:42:14,65.282,-126.8329,-11.2,64,40,2.98
328,Ponta Pora,BR,2021-03-03 22:44:06,-22.5361,-55.7256,70.52,92,98,5.12
329,Fershampenuaz,RU,2021-03-03 22:44:07,53.5202,59.8117,14.77,96,48,5.66
330,Kamenka,RU,2021-03-03 22:44:07,51.3223,42.7678,25.0,86,48,10.69
331,Beian,NO,2021-03-03 22:44:07,63.6559,9.5683,32.0,80,75,21.85
332,Bosaso,SO,2021-03-03 22:44:08,11.2842,49.1816,75.04,80,24,2.53
333,Savannah Bight,HN,2021-03-03 22:44:08,16.45,-85.85,86.0,66,40,8.05
334,Rio Tercero,AR,2021-03-03 22:44:08,-32.173,-64.1141,75.99,79,90,4.92
335,Inongo,CD,2021-03-03 22:44:08,-1.95,18.2667,78.39,72,100,1.83
336,Constantine,DZ,2021-03-03 22:44:09,36.365,6.6147,51.8,58,75,8.05
337,Hoorn,NL,2021-03-03 22:44:09,52.6431,5.0578,39.0,89,66,4.0
338,Muisne,EC,2021-03-03 22:44:09,0.6,-80.0333,84.2,84,75,6.91
339,Progreso,MX,2021-03-03 22:44:09,21.2833,-89.6667,80.6,69,40,9.22
340,Kirensk,RU,2021-03-03 22:44:10,57.7853,108.1119,-33.5,98,50,0.98
341,Murgab,TM,2021-03-03 22:44:10,37.4966,61.9714,50.0,53,40,9.22
342,Chalus,IR,2021-03-03 22:44:11,36.655,51.4204,51.8,82,90,9.22
343,Mont-Dore,NC,2021-03-03 22:44:11,-22.2833,166.5833,84.0,99,100,7.85
344,Fremont,US,2021-03-03 22:40:30,37.5483,-121.9886,66.99,42,1,9.22
345,Salinopolis,BR,2021-03-03 22:43:12,-0.6136,-47.3561,77.88,87,100,9.69
346,Vao,NC,2021-03-03 22:44:12,-22.6667,167.4833,79.57,84,94,12.8
347,Cap-Aux-Meules,CA,2021-03-03 22:44:07,47.3821,-61.8597,19.4,100,100,12.66
348,Aracati,BR,2021-03-03 22:44:12,-4.5617,-37.7697,80.44,78,96,12.48
349,Riyadh,SA,2021-03-03 22:39:47,24.6877,46.7219,66.2,34,0,5.75
350,Andrews,US,2021-03-03 22:44:12,32.3187,-102.5457,75.2,9,1,9.22
351,Kutahya,TR,2021-03-03 22:44:13,39.4242,29.9833,32.0,80,0,11.5
352,Katsuura,JP,2021-03-03 22:44:13,35.1333,140.3,44.01,65,40,9.22
353,Peniche,PT,2021-03-03 22:44:13,39.3558,-9.3811,59.0,85,100,4.72
354,Narimanov,RU,2021-03-03 22:44:15,46.6927,47.8498,33.8,86,75,15.66
355,Shudayag,RU,2021-03-03 22:44:15,63.5266,53.6058,12.74,96,99,6.35
356,Kurilsk,RU,2021-03-03 22:44:16,45.2333,147.8833,22.46,89,19,12.53
357,Ancud,CL,2021-03-03 22:44:16,-41.8697,-73.8203,68.0,60,40,6.91
358,Arman,RU,2021-03-03 22:44:16,59.7,150.1667,-8.23,84,97,7.4
359,Aquidauana,BR,2021-03-03 22:44:17,-20.4711,-55.7872,75.87,90,71,3.87
360,Ugoofaaru,MV,2021-03-03 22:44:18,5.6667,73.0,82.26,67,2,9.8
361,Nouadhibou,MR,2021-03-03 22:44:18,20.931,-17.0347,66.2,68,0,16.11
362,Ipaba,BR,2021-03-03 22:44:18,-19.4136,-42.4194,72.01,89,33,1.7
363,Te Anau,NZ,2021-03-03 22:44:19,-45.4167,167.7167,57.07,48,22,5.86
364,Mahanje,TZ,2021-03-03 22:44:19,-9.9333,35.3333,65.75,97,100,3.49
365,Urumqi,CN,2021-03-03 22:44:21,43.801,87.6005,24.8,80,75,4.47
366,Quelimane,MZ,2021-03-03 22:44:22,-17.8786,36.8883,77.0,94,40,8.05
367,Mount Gambier,AU,2021-03-03 22:44:22,-37.8333,140.7667,59.0,67,90,9.22
368,Danielskuil,ZA,2021-03-03 22:44:23,-28.1887,23.5395,66.18,42,12,2.62
369,Atagay,RU,2021-03-03 22:44:23,55.1033,99.3875,-17.43,95,37,3.09
370,Ketchikan,US,2021-03-03 22:44:23,55.3422,-131.6461,39.2,93,90,16.11
371,Yar-Sale,RU,2021-03-03 22:44:23,66.8333,70.8333,5.94,95,100,11.01
372,Daru,PG,2021-03-03 22:44:23,-9.0763,143.2092,75.88,88,100,14.41
373,Vichy,FR,2021-03-03 22:44:24,46.25,3.5833,39.99,87,0,2.3
374,Ginir,ET,2021-03-03 22:44:24,7.1333,40.7,59.0,34,0,5.41
375,Kalamazoo,US,2021-03-03 22:44:24,42.2506,-85.55,50.0,46,1,19.57
376,Byron Bay,AU,2021-03-03 22:39:32,-28.65,153.6167,66.99,94,90,2.3
377,Vermillion,US,2021-03-03 22:44:25,42.7794,-96.9292,64.4,27,1,6.91
378,Omsukchan,RU,2021-03-03 22:44:25,62.5333,155.8,-28.39,80,100,8.77
379,Caxito,AO,2021-03-03 22:44:25,-8.5785,13.6643,75.99,89,100,1.99
380,Lodja,CD,2021-03-03 22:44:26,-3.4833,23.4333,70.12,87,100,2.33
381,Papara,BR,2021-03-03 22:44:28,-3.9839,-38.7273,82.99,78,20,6.91
382,White Rock,CA,2021-03-03 22:40:25,49.0164,-122.8026,57.2,35,89,3.44
383,Poronaysk,RU,2021-03-03 22:44:29,49.2167,143.1167,28.47,88,96,13.8
384,Paamiut,GL,2021-03-03 22:44:30,61.994,-49.6678,40.93,66,100,12.21
385,Sampit,ID,2021-03-03 22:44:30,-2.5333,112.95,73.38,87,98,1.99
386,Bryan,US,2021-03-03 22:44:31,30.6744,-96.37,69.01,32,1,3.44
387,Bitlis,TR,2021-03-03 22:44:31,38.5,42.25,28.62,98,76,3.67
388,Farafangana,MG,2021-03-03 22:44:31,-22.8167,47.8333,76.26,88,46,5.66
389,Nyakabindi,TZ,2021-03-03 22:44:32,-2.6333,33.9833,66.65,83,98,5.61
390,Saint-Georges,GD,2021-03-03 22:44:33,12.0564,-61.7485,80.6,69,20,18.41
391,Nakamura,JP,2021-03-03 22:44:33,32.9833,132.9333,47.98,79,69,3.31
392,Rio Grande,BR,2021-03-03 22:44:33,-32.035,-52.0986,75.99,88,100,1.99
393,Rovaniemi,FI,2021-03-03 22:44:34,66.5,25.7167,17.6,79,0,6.91
394,Kutum,SD,2021-03-03 22:44:34,14.2,24.6667,58.28,30,47,9.37
395,Kavieng,PG,2021-03-03 22:44:34,-2.5744,150.7967,82.51,76,97,9.35
396,Sinnamary,GF,2021-03-03 22:44:35,5.3833,-52.95,77.38,86,88,11.1
397,Khatanga,RU,2021-03-03 22:44:35,71.9667,102.5,-37.84,87,0,6.42
398,Hobyo,SO,2021-03-03 22:44:35,5.3505,48.5268,78.69,78,20,16.33
399,Tanggu,CN,2021-03-03 22:44:36,39.0211,117.6469,39.2,75,0,6.71
400,Avera,US,2021-03-03 22:44:36,33.194,-82.5271,62.6,48,1,4.61
401,Shache,CN,2021-03-03 22:44:36,38.4167,77.2406,40.32,61,82,4.7
402,Batemans Bay,AU,2021-03-03 22:44:24,-35.7167,150.1833,64.99,66,13,1.01
403,Bangassou,CF,2021-03-03 22:44:37,4.7413,22.8184,78.53,24,100,3.42
404,Alekseyevsk,RU,2021-03-03 22:44:37,57.8406,108.3492,-31.22,82,39,1.01
405,Kupang,ID,2021-03-03 22:42:44,-10.1667,123.5833,75.2,100,40,2.3
406,Sorland,NO,2021-03-03 22:44:38,67.667,12.6934,28.4,86,75,13.8
407,Sisimiut,GL,2021-03-03 22:44:38,66.9395,-53.6735,26.08,60,100,7.34
408,Mahbubabad,IN,2021-03-03 22:44:38,17.6167,80.0167,66.7,75,0,4.32
409,Woodland,US,2021-03-03 22:40:34,38.6785,-121.7733,69.8,30,1,8.05
410,Lata,PT,2021-03-03 22:44:39,40.1629,-8.3327,59.0,86,73,2.24
411,Kirkenaer,NO,2021-03-03 22:44:39,60.4564,12.0582,35.6,60,0,11.5
412,Tilichiki,RU,2021-03-03 22:44:39,60.4667,166.1,-0.76,78,99,12.1
413,Acarau,BR,2021-03-03 22:44:40,-2.8856,-40.12,79.75,79,74,13.11
414,Talcahuano,CL,2021-03-03 22:44:40,-36.7167,-73.1167,71.6,60,0,16.11
415,Egvekinot,RU,2021-03-03 22:44:40,66.3167,-179.1667,-6.45,81,100,5.73
416,Matay,EG,2021-03-03 22:44:41,28.419,30.7792,47.55,62,0,7.61
417,Houston,US,2021-03-03 22:40:53,29.7633,-95.3633,70.0,26,1,4.61
418,Sola,VU,2021-03-03 22:44:41,-13.8833,167.55,80.13,84,100,27.87
419,Codrington,AU,2021-03-03 22:44:41,-38.2667,141.9667,59.88,73,55,13.65
420,Aleksandrov Gay,RU,2021-03-03 22:44:42,50.147,48.5704,18.7,96,8,11.07
421,Andenes,NO,2021-03-03 22:44:42,69.3143,16.1194,30.2,69,75,22.88
422,Venado Tuerto,AR,2021-03-03 22:44:42,-33.7456,-61.9688,81.0,48,78,4.0
423,Nha Trang,VN,2021-03-03 22:40:33,12.25,109.1833,77.0,83,40,4.61
424,Grand Gaube,MU,2021-03-03 22:44:43,-20.0064,57.6608,75.99,81,12,3.0
425,Byumba,RW,2021-03-03 22:44:43,-1.5763,30.0675,62.6,100,75,5.75
426,Tshela,CD,2021-03-03 22:44:43,-4.9833,12.9333,75.58,96,99,1.25
427,Homer,US,2021-03-03 22:44:44,59.6425,-151.5483,27.0,63,1,5.75
428,Algiers,DZ,2021-03-03 22:42:09,36.7525,3.042,57.2,94,75,1.79
429,Bjornevatn,NO,2021-03-03 22:44:44,69.6672,29.9847,24.8,80,40,14.97
430,Serebryansk,KZ,2021-03-03 22:44:44,49.6925,83.2892,-5.8,84,20,4.47
431,Barrhead,GB,2021-03-03 22:44:45,55.7992,-4.3929,39.2,75,90,6.91
432,Basco,PH,2021-03-03 22:44:45,20.4487,121.9702,75.67,76,15,16.06
433,Jieshi,CN,2021-03-03 22:44:45,22.8134,115.8257,64.0,73,46,11.01
434,Coihueco,CL,2021-03-03 22:44:46,-36.6167,-71.8333,87.8,25,0,13.8
435,Pemangkat,ID,2021-03-03 22:44:07,1.1667,108.9667,76.42,91,29,6.06
436,Camacha,PT,2021-03-03 22:44:46,33.0833,-16.3333,59.0,72,20,3.44
437,Vestmanna,FO,2021-03-03 22:44:47,62.1564,-7.1664,30.2,80,17,11.5
438,Meadow Lake,US,2021-03-03 22:44:47,34.8014,-106.5436,66.99,7,20,5.75
439,Komsomolskiy,UZ,2021-03-03 22:44:47,40.4272,71.7189,46.4,57,75,6.91
440,Fort Walton Beach,US,2021-03-03 22:41:07,30.4058,-86.6188,63.0,59,1,4.61
441,Cap Malheureux,MU,2021-03-03 22:44:48,-19.9842,57.6142,75.99,81,11,3.0
442,Svetlogorsk,BY,2021-03-03 22:44:48,52.6333,29.7333,31.44,95,0,10.18
443,Ayan,RU,2021-03-03 22:44:48,56.45,138.1667,-10.43,79,66,7.49
444,Tessalit,ML,2021-03-03 22:44:49,20.1986,1.0114,71.73,20,38,10.83
445,Berbera,SO,2021-03-03 22:44:49,10.4396,45.0143,76.15,79,3,5.21
446,Bairiki,KI,2021-03-03 22:44:49,1.3292,172.9752,82.4,74,75,13.8
447,Lincoln,US,2021-03-03 22:39:59,40.8,-96.667,69.8,21,1,4.61
448,Gravelbourg,CA,2021-03-03 22:44:50,49.8834,-106.5512,46.4,46,5,5.75
449,Subachoque,CO,2021-03-03 22:44:50,4.9261,-74.173,60.8,67,75,10.36
450,Arlit,NE,2021-03-03 22:44:50,18.7369,7.3853,73.89,17,0,8.01
451,Manaus,BR,2021-03-03 22:44:51,-3.1019,-60.025,75.2,94,75,4.61
452,Chichawatni,PK,2021-03-03 22:43:16,30.5333,72.7,61.2,30,5,4.47
453,Zeya,RU,2021-03-03 22:44:51,53.75,127.2667,-9.89,84,64,4.54
454,Harper,LR,2021-03-03 22:44:52,4.375,-7.7169,79.7,86,69,6.24
455,Forssa,FI,2021-03-03 22:44:52,60.8146,23.6215,27.0,87,25,1.99
456,Bubaque,GW,2021-03-03 22:44:52,11.2833,-15.8333,77.72,76,0,14.81
457,Santa Maria,BR,2021-03-03 22:44:53,-29.6842,-53.8069,80.6,83,40,3.44
458,Ashland,US,2021-03-03 22:44:53,40.8167,-82.2665,55.4,47,1,11.5
459,Ishigaki,JP,2021-03-03 22:44:53,24.3448,124.1572,68.0,83,20,5.75
460,La Palma,US,2021-03-03 22:44:54,33.8464,-118.0467,59.0,72,75,11.5
461,Okmulgee,US,2021-03-03 22:44:54,35.6234,-95.9605,69.8,21,1,6.91
462,Saint Anthony,US,2021-03-03 22:44:54,45.0205,-93.218,48.2,42,1,3.44
463,Olafsvik,IS,2021-03-03 22:44:55,64.8945,-23.7142,40.26,92,100,17.22
464,Hami,CN,2021-03-03 22:44:55,42.8,93.45,35.51,51,86,8.16
465,Makat,KZ,2021-03-03 22:44:55,47.6469,53.3463,30.04,97,97,15.55
466,Baoshan,CN,2021-03-03 22:44:56,46.5586,131.4244,31.69,86,93,10.69
467,Quthing,LS,2021-03-03 22:44:56,-30.4,27.7003,61.63,61,55,3.91
468,Hofn,IS,2021-03-03 22:44:56,64.2539,-15.2082,32.56,72,97,3.74
469,Yenagoa,NG,2021-03-03 22:44:56,4.9247,6.2642,79.59,86,93,4.7
470,Jinxiang,CN,2021-03-03 22:44:57,27.4327,120.6062,51.75,88,89,5.26
471,Khani,GE,2021-03-03 22:44:57,41.9563,42.9566,39.2,100,90,3.44
472,Bilibino,RU,2021-03-03 22:44:57,68.0546,166.4372,5.0,82,100,11.07
473,Xichang,CN,2021-03-03 22:44:58,27.8964,102.2634,45.34,71,46,1.01
474,Vrede,ZA,2021-03-03 22:44:58,-27.4257,29.1659,54.7,76,36,3.24
475,Deputatskiy,RU,2021-03-03 22:44:59,69.3,139.9,-28.95,86,100,4.94
476,Portland,US,2021-03-03 22:42:42,45.5234,-122.6762,61.0,47,1,1.21
477,Bulgan,MN,2021-03-03 22:44:59,48.8125,103.5347,9.55,93,95,5.03
478,Atasu,KZ,2021-03-03 22:44:59,48.6814,71.6433,11.25,92,4,9.8
479,Chumikan,RU,2021-03-03 22:45:00,54.7183,135.315,-0.9,93,100,2.37
480,Yarmouth,US,2021-03-03 22:44:44,41.7057,-70.2286,41.0,56,1,11.5
481,Nova Odesa,UA,2021-03-03 22:45:00,47.3078,31.7851,35.37,85,0,6.93
482,Vostok,RU,2021-03-03 22:45:01,46.4856,135.8833,25.59,98,98,10.22
483,Pisco,PE,2021-03-03 22:45:01,-13.7,-76.2167,82.4,61,0,17.27
484,Constitucion,CL,2021-03-03 22:45:02,-35.3333,-72.4167,66.45,63,0,12.33
485,Dawson Creek,CA,2021-03-03 22:45:02,55.7666,-120.2362,42.8,45,40,9.22
486,Enshi,CN,2021-03-03 22:45:02,30.3,109.4833,43.75,89,0,1.59
487,Ensley,US,2021-03-03 22:45:02,30.5188,-87.2728,62.6,59,1,5.75
488,Tabou,CI,2021-03-03 22:45:03,4.423,-7.3528,79.27,87,89,6.33
489,Bure,ET,2021-03-03 22:45:03,10.7,37.0667,61.66,69,72,3.18
490,Kajaani,FI,2021-03-03 22:45:03,64.2273,27.7285,21.2,79,75,6.91
491,Zemio,CF,2021-03-03 22:45:04,5.0314,25.1361,79.5,25,76,3.53
492,Troitskoye,RU,2021-03-03 22:45:04,52.9821,84.6757,4.48,92,19,7.2
493,Ambulu,ID,2021-03-03 22:45:05,-8.345,113.6058,75.24,85,96,3.24
494,Mayo,US,2021-03-03 22:45:05,38.8876,-76.5119,51.8,43,1,8.05
495,Shenzhen,CN,2021-03-03 22:45:06,22.5455,114.0683,66.0,96,79,1.01
496,Coahuayana,MX,2021-03-03 22:45:06,18.7333,-103.6833,86.0,37,1,11.5
497,Arawa,PG,2021-03-03 22:45:06,-6.2132,155.5367,78.78,83,100,7.23
498,Severnyy,RU,2021-03-03 22:45:07,50.677,36.5532,30.2,86,0,11.18
499,Onguday,RU,2021-03-03 22:45:07,50.75,86.15,3.27,83,10,2.95
500,Mancio Lima,BR,2021-03-03 22:45:07,-7.6142,-72.8958,78.8,89,75,3.44
501,La Quinta,US,2021-03-03 22:45:08,33.6634,-116.31,62.6,34,40,4.61
502,Batsfjord,NO,2021-03-03 22:45:08,70.6345,29.7185,28.4,68,75,18.41
503,Newport,GB,2021-03-03 22:45:09,51.5877,-2.9984,46.0,93,95,8.1
504,Beipiao,CN,2021-03-03 22:45:10,41.7919,120.7792,30.9,97,0,8.01
505,Caborca,MX,2021-03-03 22:45:10,30.5838,-111.101,79.0,13,0,13.0
506,Axim,GH,2021-03-03 22:45:10,4.8699,-2.2405,80.06,89,82,8.39
507,Palasa,IN,2021-03-03 22:45:11,18.7667,84.4167,69.08,51,0,4.03
508,Hasaki,JP,2021-03-03 22:45:11,35.7333,140.8333,37.4,75,75,10.36
509,Duluth,US,2021-03-03 22:42:54,46.7833,-92.1066,35.01,80,40,6.91
510,Sungaipenuh,ID,2021-03-03 22:45:12,-2.0833,101.3833,65.03,93,100,4.23
511,Baglung,NP,2021-03-03 22:45:12,28.2719,83.5898,51.98,42,1,4.99
512,Marrakesh,MA,2021-03-03 22:43:04,31.6315,-8.0083,59.0,67,0,4.61
513,Mawlaik,MM,2021-03-03 22:45:13,23.6333,94.4167,61.7,53,9,0.69
514,Nimaparha,IN,2021-03-03 22:45:13,20.0667,86.0167,73.4,100,90,3.33
515,Derzhavinsk,KZ,2021-03-03 22:45:13,51.1,66.3167,29.73,98,100,27.47
516,Yabrud,SY,2021-03-03 22:45:14,33.9674,36.6574,39.2,87,40,8.05
517,Kungurtug,RU,2021-03-03 22:45:14,50.5994,97.5228,3.97,97,92,1.21
518,Muros,ES,2021-03-03 22:45:14,42.7762,-9.0603,52.0,89,99,5.03
519,Vilhena,BR,2021-03-03 22:45:14,-12.7406,-60.1458,71.6,94,75,11.5
520,Lorengau,PG,2021-03-03 22:45:15,-2.0226,147.2712,82.2,78,99,12.44
521,Port Hardy,CA,2021-03-03 22:42:12,50.6996,-127.4199,44.6,87,90,20.71
522,Lucea,JM,2021-03-03 22:45:15,18.451,-78.1736,81.0,74,75,8.05
523,Hanna,CA,2021-03-03 22:45:05,51.6334,-111.9018,39.2,87,16,6.91
524,Honningsvag,NO,2021-03-03 22:45:15,70.9821,25.9704,26.6,93,75,19.57
525,Bo Rai,TH,2021-03-03 22:45:16,12.5728,102.5371,82.99,99,31,1.86
526,Fez,MA,2021-03-03 22:45:16,34.0372,-4.9998,50.0,87,40,2.3
527,Comodoro Rivadavia,AR,2021-03-03 22:45:01,-45.8667,-67.5,60.8,94,40,14.97
528,Taoudenni,ML,2021-03-03 22:45:17,22.6783,-3.9836,71.85,19,100,8.21
529,Naryan-Mar,RU,2021-03-03 22:45:17,67.6713,53.087,9.05,95,95,7.14
530,Petropavlovsk-Kamchatskiy,RU,2021-03-03 22:45:17,53.0452,158.6483,12.2,57,75,13.42
531,Pahrump,US,2021-03-03 22:41:32,36.2083,-115.9839,64.99,11,40,4.0
532,Nikolayevsk-Na-Amure,RU,2021-03-03 22:45:18,53.1406,140.73,3.61,90,85,3.27
533,Yaan,NG,2021-03-03 22:45:18,7.3833,8.5667,81.19,16,40,1.48
534,Luba,GQ,2021-03-03 22:45:19,3.4568,8.5547,78.8,89,20,4.61
535,Bucerias,MX,2021-03-03 22:43:03,20.75,-105.3333,77.0,73,1,12.66
536,Miguel Hidalgo,MX,2021-03-03 22:41:03,19.4225,-99.2028,80.6,17,20,9.22
537,Athabasca,CA,2021-03-03 22:45:19,54.7169,-113.2854,44.6,39,96,5.75
538,Kyren,RU,2021-03-03 22:45:20,51.6828,102.1408,1.9,87,94,0.65
539,Junagarh,IN,2021-03-03 22:45:20,19.8667,82.9333,66.79,30,0,3.4
540,Linxia,CN,2021-03-03 22:45:20,35.6003,103.2064,32.85,38,100,1.5
541,Santa Fe,AR,2021-03-03 22:45:20,-31.6333,-60.7,81.57,56,86,4.97
542,Wawa,NG,2021-03-03 22:45:21,9.9022,4.4192,82.44,20,75,4.56
543,Hurricane,US,2021-03-03 22:45:21,37.1753,-113.2899,73.4,12,1,25.32
544,Huaral,PE,2021-03-03 22:45:21,-11.495,-77.2078,78.8,69,0,5.75
545,Raudeberg,NO,2021-03-03 22:45:22,61.9875,5.1352,32.0,91,96,24.72
546,Yudong,CN,2021-03-03 22:45:22,29.385,106.5194,46.0,93,80,4.47
547,Baruun-Urt,MN,2021-03-03 22:45:22,46.6806,113.2792,10.58,82,83,5.23
548,Padang,ID,2021-03-03 22:45:22,-0.9492,100.3543,73.4,94,20,3.44
549,Nizhnevartovsk,RU,2021-03-03 22:45:23,60.9344,76.5531,14.0,79,90,11.18
550,Senno,RU,2021-03-03 22:45:23,59.5336,33.9167,30.99,92,95,1.99
551,Touros,BR,2021-03-03 22:45:23,-5.1989,-35.4608,80.6,78,20,8.05
552,Tera,NE,2021-03-03 22:45:24,14.0078,0.7531,81.84,16,0,8.55
553,Mwingi,KE,2021-03-03 22:45:24,-0.9344,38.0601,68.95,64,27,3.18
554,Lamu,KE,2021-03-03 22:45:24,-2.2717,40.902,78.42,81,83,13.96
555,Vagur,FO,2021-03-03 22:45:25,61.4732,-6.8119,35.26,84,3,20.51
556,Thunder Bay,CA,2021-03-03 22:42:40,48.4001,-89.3168,30.2,47,20,8.05
557,Fayaoue,NC,2021-03-03 22:45:25,-20.65,166.5333,81.19,81,100,12.28
558,Vila Velha,BR,2021-03-03 22:45:25,-20.3297,-40.2925,78.8,78,0,9.22
559,Colleyville,US,2021-03-03 22:42:08,32.881,-97.155,70.0,23,20,8.05
560,Buala,SB,2021-03-03 22:45:26,-8.145,159.5921,78.13,90,100,6.31
561,Ormara,PK,2021-03-03 22:45:26,25.2088,64.6357,75.83,65,0,10.29
562,Atar,MR,2021-03-03 22:45:26,20.5169,-13.0499,70.12,21,100,10.6
563,Mulanje,MW,2021-03-03 22:45:27,-16.0316,35.5,69.82,92,74,4.38
564,Sao Gabriel Da Cachoeira,BR,2021-03-03 22:45:27,-0.1303,-67.0892,86.0,70,20,2.3
565,Turukhansk,RU,2021-03-03 22:45:27,65.8167,87.9833,-11.27,84,100,19.93
566,Acari,PE,2021-03-03 22:45:28,-15.4311,-74.6158,77.22,63,66,6.04
567,Berlevag,NO,2021-03-03 22:45:28,70.8578,29.0864,28.4,86,75,27.63
568,Sorong,ID,2021-03-03 22:45:29,-0.8833,131.25,80.73,77,88,1.97
569,Sinjai,ID,2021-03-03 22:45:29,-5.1241,120.253,75.13,80,100,4.23
570,Huarmey,PE,2021-03-03 22:45:29,-10.0681,-78.1522,76.53,67,35,9.31
571,Hambantota,LK,2021-03-03 22:45:30,6.1241,81.1185,73.27,82,1,10.27
572,Falam,MM,2021-03-03 22:45:30,22.9167,93.6833,51.48,57,0,3.29
573,Monrovia,LR,2021-03-03 22:44:51,6.3005,-10.7969,80.6,94,40,7.45
574,Ozark,US,2021-03-03 22:42:04,37.0209,-93.206,68.0,21,1,8.05
575,Manokwari,ID,2021-03-03 22:45:31,-0.8667,134.0833,80.06,73,87,5.86
576,Bonga,ET,2021-03-03 22:45:31,7.2833,36.2333,63.52,76,62,2.51
577,Fort Nelson,CA,2021-03-03 22:45:32,58.8053,-122.7002,12.2,62,40,9.22
578,Dese,ET,2021-03-03 22:45:32,11.1333,39.6333,52.59,61,3,0.09
579,Port Shepstone,ZA,2021-03-03 22:45:32,-30.7414,30.455,72.32,86,11,8.61
580,Samarai,PG,2021-03-03 22:45:33,-10.6167,150.6667,83.07,73,100,7.85
581,Khasan,RU,2021-03-03 22:45:33,42.4308,130.6434,29.48,94,0,2.82
582,Elat,IL,2021-03-03 22:45:33,29.5581,34.9482,59.0,51,0,10.36
583,Peski,RU,2021-03-03 22:45:33,55.2163,38.7626,35.6,75,75,8.95
584,Redlands,US,2021-03-03 22:45:34,34.0556,-117.1825,55.0,71,90,8.05
585,Mulege,MX,2021-03-03 22:45:34,26.8833,-111.9833,77.81,24,34,4.7
586,Xining,CN,2021-03-03 22:45:35,36.6167,101.7667,29.82,73,100,3.15
587,Male,MV,2021-03-03 22:45:35,4.1748,73.5089,82.4,69,20,11.5
588,Port Hedland,AU,2021-03-03 22:45:35,-20.3167,118.5667,77.0,88,17,5.75
589,Mollendo,PE,2021-03-03 22:45:36,-17.0231,-72.0147,73.29,84,31,4.88
590,Aneho,TG,2021-03-03 22:45:36,6.2333,1.6,84.2,84,40,11.5
591,Sibu,MY,2021-03-03 22:45:36,2.3,111.8167,75.2,94,40,5.75
592,Wamba,NG,2021-03-03 22:45:37,8.9333,8.6,80.67,16,42,5.86
593,Puebloviejo,CO,2021-03-03 22:45:37,10.9938,-74.2844,91.99,60,1,18.01
